year,mean,sem,,,
2,0.00036016,0.001280681,,,
3,7.56E-05,0.000916527,,,
4,0.000278094,0.000752385,,,
5,9.96E-05,0.000703141,,,
6,-0.000592718,0.000715678,,,
7,-0.000886892,0.000691383,,,
8,0.000245436,0.000747081,,,
9,-0.000552572,0.000752293,,,
10,-0.001245705,0.000775883,,,
11,-0.000731917,0.000844239,,,
12,-0.001242071,0.000874329,,,
13,0.001497217,0.000895727,,,
14,0.000435757,0.000958573,,,
15,-0.000802427,0.001006453,,,
